{
  "Submit Order" : {
    "transaction" : "Submit Order",
    "sampleCount" : 5,
    "errorCount" : 5,
    "errorPct" : 100.0,
    "meanResTime" : 64.8,
    "medianResTime" : 65.0,
    "minResTime" : 62.0,
    "maxResTime" : 67.0,
    "pct1ResTime" : 67.0,
    "pct2ResTime" : 67.0,
    "pct3ResTime" : 67.0,
    "throughput" : 0.6607638430025109,
    "receivedKBytesPerSec" : 0.3181216548830448,
    "sentKBytesPerSec" : 0.16390040636976344
  },
  "Homepage" : {
    "transaction" : "Homepage",
    "sampleCount" : 5,
    "errorCount" : 0,
    "errorPct" : 0.0,
    "meanResTime" : 179.2,
    "medianResTime" : 116.0,
    "minResTime" : 70.0,
    "maxResTime" : 511.0,
    "pct1ResTime" : 511.0,
    "pct2ResTime" : 511.0,
    "pct3ResTime" : 511.0,
    "throughput" : 0.6255473539346929,
    "receivedKBytesPerSec" : 3.171598390779432,
    "sentKBytesPerSec" : 0.10995949580883273
  },
  "Cart Page" : {
    "transaction" : "Cart Page",
    "sampleCount" : 5,
    "errorCount" : 0,
    "errorPct" : 0.0,
    "meanResTime" : 38.4,
    "medianResTime" : 22.0,
    "minResTime" : 21.0,
    "maxResTime" : 64.0,
    "pct1ResTime" : 64.0,
    "pct2ResTime" : 64.0,
    "pct3ResTime" : 64.0,
    "throughput" : 0.6578947368421052,
    "receivedKBytesPerSec" : 3.7796823601973686,
    "sentKBytesPerSec" : 0.12142783717105264
  },
  "Checkout" : {
    "transaction" : "Checkout",
    "sampleCount" : 5,
    "errorCount" : 5,
    "errorPct" : 100.0,
    "meanResTime" : 129.8,
    "medianResTime" : 129.0,
    "minResTime" : 126.0,
    "maxResTime" : 135.0,
    "pct1ResTime" : 135.0,
    "pct2ResTime" : 135.0,
    "pct3ResTime" : 135.0,
    "throughput" : 0.6614631565021828,
    "receivedKBytesPerSec" : 0.6388545525201746,
    "sentKBytesPerSec" : 0.2887441708559333
  },
  "Total" : {
    "transaction" : "Total",
    "sampleCount" : 40,
    "errorCount" : 15,
    "errorPct" : 37.5,
    "meanResTime" : 65.07499999999999,
    "medianResTime" : 63.5,
    "minResTime" : 20.0,
    "maxResTime" : 511.0,
    "pct1ResTime" : 72.69999999999999,
    "pct2ResTime" : 125.49999999999996,
    "pct3ResTime" : 511.0,
    "throughput" : 4.314994606256742,
    "receivedKBytesPerSec" : 15.810199231391586,
    "sentKBytesPerSec" : 0.8812238740560949
  },
  "Open Checkout Page" : {
    "transaction" : "Open Checkout Page",
    "sampleCount" : 5,
    "errorCount" : 5,
    "errorPct" : 100.0,
    "meanResTime" : 65.0,
    "medianResTime" : 65.0,
    "minResTime" : 63.0,
    "maxResTime" : 68.0,
    "pct1ResTime" : 68.0,
    "pct2ResTime" : 68.0,
    "pct3ResTime" : 68.0,
    "throughput" : 0.669702652022502,
    "receivedKBytesPerSec" : 0.32438722207339943,
    "sentKBytesPerSec" : 0.12622325375033486
  },
  "Send Message" : {
    "transaction" : "Send Message",
    "sampleCount" : 5,
    "errorCount" : 5,
    "errorPct" : 100.0,
    "meanResTime" : 63.4,
    "medianResTime" : 63.0,
    "minResTime" : 61.0,
    "maxResTime" : 66.0,
    "pct1ResTime" : 66.0,
    "pct2ResTime" : 66.0,
    "pct3ResTime" : 66.0,
    "throughput" : 0.6509569066527796,
    "receivedKBytesPerSec" : 0.3158158117432626,
    "sentKBytesPerSec" : 0.17990312947532874
  },
  "Product Detail Page" : {
    "transaction" : "Product Detail Page",
    "sampleCount" : 5,
    "errorCount" : 0,
    "errorPct" : 0.0,
    "meanResTime" : 38.8,
    "medianResTime" : 22.0,
    "minResTime" : 20.0,
    "maxResTime" : 65.0,
    "pct1ResTime" : 65.0,
    "pct2ResTime" : 65.0,
    "pct3ResTime" : 65.0,
    "throughput" : 0.6643635397289397,
    "receivedKBytesPerSec" : 3.6340166589157588,
    "sentKBytesPerSec" : 0.12716333377624237
  },
  "View Cart" : {
    "transaction" : "View Cart",
    "sampleCount" : 5,
    "errorCount" : 0,
    "errorPct" : 0.0,
    "meanResTime" : 40.0,
    "medianResTime" : 23.0,
    "minResTime" : 20.0,
    "maxResTime" : 69.0,
    "pct1ResTime" : 69.0,
    "pct2ResTime" : 69.0,
    "pct3ResTime" : 69.0,
    "throughput" : 0.6672894701721607,
    "receivedKBytesPerSec" : 3.889958753169625,
    "sentKBytesPerSec" : 0.12316182603763512
  },
  "Open Contact Page" : {
    "transaction" : "Open Contact Page",
    "sampleCount" : 5,
    "errorCount" : 0,
    "errorPct" : 0.0,
    "meanResTime" : 31.0,
    "medianResTime" : 22.0,
    "minResTime" : 20.0,
    "maxResTime" : 65.0,
    "pct1ResTime" : 65.0,
    "pct2ResTime" : 65.0,
    "pct3ResTime" : 65.0,
    "throughput" : 0.6526563111865292,
    "receivedKBytesPerSec" : 3.7504792944785277,
    "sentKBytesPerSec" : 0.12046097931079494
  },
  "Contact" : {
    "transaction" : "Contact",
    "sampleCount" : 5,
    "errorCount" : 5,
    "errorPct" : 100.0,
    "meanResTime" : 94.4,
    "medianResTime" : 87.0,
    "minResTime" : 85.0,
    "maxResTime" : 126.0,
    "pct1ResTime" : 126.0,
    "pct2ResTime" : 126.0,
    "pct3ResTime" : 126.0,
    "throughput" : 0.6587615283267457,
    "receivedKBytesPerSec" : 4.105165102108037,
    "sentKBytesPerSec" : 0.3036478919631094
  }
}