{
  "Submit Order" : {
    "transaction" : "Submit Order",
    "sampleCount" : 5,
    "errorCount" : 5,
    "errorPct" : 100.0,
    "meanResTime" : 64.6,
    "medianResTime" : 64.0,
    "minResTime" : 62.0,
    "maxResTime" : 68.0,
    "pct1ResTime" : 68.0,
    "pct2ResTime" : 68.0,
    "pct3ResTime" : 68.0,
    "throughput" : 0.6492663290481755,
    "receivedKBytesPerSec" : 0.3125862306843267,
    "sentKBytesPerSec" : 0.16104848396312169
  },
  "Homepage" : {
    "transaction" : "Homepage",
    "sampleCount" : 5,
    "errorCount" : 0,
    "errorPct" : 0.0,
    "meanResTime" : 188.2,
    "medianResTime" : 108.0,
    "minResTime" : 60.0,
    "maxResTime" : 579.0,
    "pct1ResTime" : 579.0,
    "pct2ResTime" : 579.0,
    "pct3ResTime" : 579.0,
    "throughput" : 0.6177415369409439,
    "receivedKBytesPerSec" : 3.0704891354707193,
    "sentKBytesPerSec" : 0.1085873795404003
  },
  "Cart Page" : {
    "transaction" : "Cart Page",
    "sampleCount" : 5,
    "errorCount" : 0,
    "errorPct" : 0.0,
    "meanResTime" : 38.6,
    "medianResTime" : 21.0,
    "minResTime" : 20.0,
    "maxResTime" : 67.0,
    "pct1ResTime" : 67.0,
    "pct2ResTime" : 67.0,
    "pct3ResTime" : 67.0,
    "throughput" : 0.6490134994807892,
    "receivedKBytesPerSec" : 3.741207895249221,
    "sentKBytesPerSec" : 0.11978862441588785
  },
  "Checkout" : {
    "transaction" : "Checkout",
    "sampleCount" : 5,
    "errorCount" : 5,
    "errorPct" : 100.0,
    "meanResTime" : 130.0,
    "medianResTime" : 130.0,
    "minResTime" : 126.0,
    "maxResTime" : 135.0,
    "pct1ResTime" : 135.0,
    "pct2ResTime" : 135.0,
    "pct3ResTime" : 135.0,
    "throughput" : 0.6398771435884311,
    "receivedKBytesPerSec" : 0.6180063427821858,
    "sentKBytesPerSec" : 0.279321370296903
  },
  "Total" : {
    "transaction" : "Total",
    "sampleCount" : 40,
    "errorCount" : 15,
    "errorPct" : 37.5,
    "meanResTime" : 67.79999999999998,
    "medianResTime" : 64.0,
    "minResTime" : 19.0,
    "maxResTime" : 579.0,
    "pct1ResTime" : 73.39999999999999,
    "pct2ResTime" : 119.39999999999995,
    "pct3ResTime" : 579.0,
    "throughput" : 4.263483265828182,
    "receivedKBytesPerSec" : 15.587632068055852,
    "sentKBytesPerSec" : 0.8707040409827329
  },
  "Open Checkout Page" : {
    "transaction" : "Open Checkout Page",
    "sampleCount" : 5,
    "errorCount" : 5,
    "errorPct" : 100.0,
    "meanResTime" : 65.4,
    "medianResTime" : 66.0,
    "minResTime" : 63.0,
    "maxResTime" : 67.0,
    "pct1ResTime" : 67.0,
    "pct2ResTime" : 67.0,
    "pct3ResTime" : 67.0,
    "throughput" : 0.6578081831337982,
    "receivedKBytesPerSec" : 0.3186258387054335,
    "sentKBytesPerSec" : 0.12398142514142876
  },
  "Send Message" : {
    "transaction" : "Send Message",
    "sampleCount" : 5,
    "errorCount" : 5,
    "errorPct" : 100.0,
    "meanResTime" : 63.4,
    "medianResTime" : 63.0,
    "minResTime" : 61.0,
    "maxResTime" : 67.0,
    "pct1ResTime" : 67.0,
    "pct2ResTime" : 67.0,
    "pct3ResTime" : 67.0,
    "throughput" : 0.6402868485081316,
    "receivedKBytesPerSec" : 0.31013894224612626,
    "sentKBytesPerSec" : 0.17695427551543091
  },
  "Product Detail Page" : {
    "transaction" : "Product Detail Page",
    "sampleCount" : 5,
    "errorCount" : 0,
    "errorPct" : 0.0,
    "meanResTime" : 54.8,
    "medianResTime" : 63.0,
    "minResTime" : 21.0,
    "maxResTime" : 65.0,
    "pct1ResTime" : 65.0,
    "pct2ResTime" : 65.0,
    "pct3ResTime" : 65.0,
    "throughput" : 0.6499415052645262,
    "receivedKBytesPerSec" : 3.5605877502274796,
    "sentKBytesPerSec" : 0.12440286624203822
  },
  "View Cart" : {
    "transaction" : "View Cart",
    "sampleCount" : 5,
    "errorCount" : 0,
    "errorPct" : 0.0,
    "meanResTime" : 38.4,
    "medianResTime" : 23.0,
    "minResTime" : 20.0,
    "maxResTime" : 64.0,
    "pct1ResTime" : 64.0,
    "pct2ResTime" : 64.0,
    "pct3ResTime" : 64.0,
    "throughput" : 0.6450780544445879,
    "receivedKBytesPerSec" : 3.741830691201135,
    "sentKBytesPerSec" : 0.11906225809572958
  },
  "Open Contact Page" : {
    "transaction" : "Open Contact Page",
    "sampleCount" : 5,
    "errorCount" : 0,
    "errorPct" : 0.0,
    "meanResTime" : 29.0,
    "medianResTime" : 20.0,
    "minResTime" : 19.0,
    "maxResTime" : 66.0,
    "pct1ResTime" : 66.0,
    "pct2ResTime" : 66.0,
    "pct3ResTime" : 66.0,
    "throughput" : 0.6447453255963894,
    "receivedKBytesPerSec" : 3.7295746695680205,
    "sentKBytesPerSec" : 0.11900084622823985
  },
  "Contact" : {
    "transaction" : "Contact",
    "sampleCount" : 5,
    "errorCount" : 5,
    "errorPct" : 100.0,
    "meanResTime" : 92.4,
    "medianResTime" : 84.0,
    "minResTime" : 80.0,
    "maxResTime" : 130.0,
    "pct1ResTime" : 130.0,
    "pct2ResTime" : 130.0,
    "pct3ResTime" : 130.0,
    "throughput" : 0.6483402489626556,
    "receivedKBytesPerSec" : 4.064409564639523,
    "sentKBytesPerSec" : 0.2988443335062241
  }
}