{
  "Submit Order" : {
    "transaction" : "Submit Order",
    "sampleCount" : 5,
    "errorCount" : 5,
    "errorPct" : 100.0,
    "meanResTime" : 63.6,
    "medianResTime" : 63.0,
    "minResTime" : 62.0,
    "maxResTime" : 66.0,
    "pct1ResTime" : 66.0,
    "pct2ResTime" : 66.0,
    "pct3ResTime" : 66.0,
    "throughput" : 0.6491820306413919,
    "receivedKBytesPerSec" : 0.3125456456115295,
    "sentKBytesPerSec" : 0.1610275740067515
  },
  "Homepage" : {
    "transaction" : "Homepage",
    "sampleCount" : 5,
    "errorCount" : 0,
    "errorPct" : 0.0,
    "meanResTime" : 189.0,
    "medianResTime" : 124.0,
    "minResTime" : 77.0,
    "maxResTime" : 507.0,
    "pct1ResTime" : 507.0,
    "pct2ResTime" : 507.0,
    "pct3ResTime" : 507.0,
    "throughput" : 0.6171315724512466,
    "receivedKBytesPerSec" : 3.0494978091829177,
    "sentKBytesPerSec" : 0.1084801592199457
  },
  "Cart Page" : {
    "transaction" : "Cart Page",
    "sampleCount" : 5,
    "errorCount" : 0,
    "errorPct" : 0.0,
    "meanResTime" : 32.0,
    "medianResTime" : 23.0,
    "minResTime" : 21.0,
    "maxResTime" : 69.0,
    "pct1ResTime" : 69.0,
    "pct2ResTime" : 69.0,
    "pct3ResTime" : 69.0,
    "throughput" : 0.6360513929525506,
    "receivedKBytesPerSec" : 3.6369219882966544,
    "sentKBytesPerSec" : 0.11739620436331256
  },
  "Checkout" : {
    "transaction" : "Checkout",
    "sampleCount" : 5,
    "errorCount" : 5,
    "errorPct" : 100.0,
    "meanResTime" : 128.6,
    "medianResTime" : 129.0,
    "minResTime" : 127.0,
    "maxResTime" : 130.0,
    "pct1ResTime" : 130.0,
    "pct2ResTime" : 130.0,
    "pct3ResTime" : 130.0,
    "throughput" : 0.6315523556902868,
    "receivedKBytesPerSec" : 0.6099660935329039,
    "sentKBytesPerSec" : 0.27568740526714663
  },
  "Total" : {
    "transaction" : "Total",
    "sampleCount" : 40,
    "errorCount" : 15,
    "errorPct" : 37.5,
    "meanResTime" : 67.97500000000001,
    "medianResTime" : 63.5,
    "minResTime" : 20.0,
    "maxResTime" : 507.0,
    "pct1ResTime" : 108.49999999999994,
    "pct2ResTime" : 124.94999999999999,
    "pct3ResTime" : 507.0,
    "throughput" : 4.406742315743087,
    "receivedKBytesPerSec" : 15.99273059656274,
    "sentKBytesPerSec" : 0.8999609245896222
  },
  "Open Checkout Page" : {
    "transaction" : "Open Checkout Page",
    "sampleCount" : 5,
    "errorCount" : 5,
    "errorPct" : 100.0,
    "meanResTime" : 65.0,
    "medianResTime" : 65.0,
    "minResTime" : 63.0,
    "maxResTime" : 67.0,
    "pct1ResTime" : 67.0,
    "pct2ResTime" : 67.0,
    "pct3ResTime" : 67.0,
    "throughput" : 0.644080896560608,
    "receivedKBytesPerSec" : 0.3119766842715445,
    "sentKBytesPerSec" : 0.12139415335566148
  },
  "Send Message" : {
    "transaction" : "Send Message",
    "sampleCount" : 5,
    "errorCount" : 5,
    "errorPct" : 100.0,
    "meanResTime" : 63.4,
    "medianResTime" : 64.0,
    "minResTime" : 61.0,
    "maxResTime" : 65.0,
    "pct1ResTime" : 65.0,
    "pct2ResTime" : 65.0,
    "pct3ResTime" : 65.0,
    "throughput" : 0.6617257808364214,
    "receivedKBytesPerSec" : 0.3205234250926416,
    "sentKBytesPerSec" : 0.18287929294600316
  },
  "Product Detail Page" : {
    "transaction" : "Product Detail Page",
    "sampleCount" : 5,
    "errorCount" : 0,
    "errorPct" : 0.0,
    "meanResTime" : 48.8,
    "medianResTime" : 63.0,
    "minResTime" : 23.0,
    "maxResTime" : 71.0,
    "pct1ResTime" : 71.0,
    "pct2ResTime" : 71.0,
    "pct3ResTime" : 71.0,
    "throughput" : 0.6422607578676942,
    "receivedKBytesPerSec" : 3.4910384553628773,
    "sentKBytesPerSec" : 0.12293272318561335
  },
  "View Cart" : {
    "transaction" : "View Cart",
    "sampleCount" : 5,
    "errorCount" : 0,
    "errorPct" : 0.0,
    "meanResTime" : 42.0,
    "medianResTime" : 29.0,
    "minResTime" : 22.0,
    "maxResTime" : 69.0,
    "pct1ResTime" : 69.0,
    "pct2ResTime" : 69.0,
    "pct3ResTime" : 69.0,
    "throughput" : 0.6363752068219422,
    "receivedKBytesPerSec" : 3.6209997852233675,
    "sentKBytesPerSec" : 0.117455970790378
  },
  "Open Contact Page" : {
    "transaction" : "Open Contact Page",
    "sampleCount" : 5,
    "errorCount" : 0,
    "errorPct" : 0.0,
    "meanResTime" : 40.0,
    "medianResTime" : 23.0,
    "minResTime" : 20.0,
    "maxResTime" : 70.0,
    "pct1ResTime" : 70.0,
    "pct2ResTime" : 70.0,
    "pct3ResTime" : 70.0,
    "throughput" : 0.6569438969911969,
    "receivedKBytesPerSec" : 3.8089915090001316,
    "sentKBytesPerSec" : 0.12125234036263303
  },
  "Contact" : {
    "transaction" : "Contact",
    "sampleCount" : 5,
    "errorCount" : 5,
    "errorPct" : 100.0,
    "meanResTime" : 103.4,
    "medianResTime" : 88.0,
    "minResTime" : 81.0,
    "maxResTime" : 134.0,
    "pct1ResTime" : 134.0,
    "pct2ResTime" : 134.0,
    "pct3ResTime" : 134.0,
    "throughput" : 0.6480041472265422,
    "receivedKBytesPerSec" : 4.0710354296267495,
    "sentKBytesPerSec" : 0.29868941161223433
  }
}